creeb_applicable,creeb_audience,creeb_azsknownissueid,creeb_cause,creeb_contact,creeb_datefiled,creeb_datereviewed,creeb_feature,creeb_id,importsequencenumber,creeb_status,creeb_occurance,creeb_remediation,statuscode,statecode,timezoneruleversionnumber,creeb_title,creeb_trackingnumber,utcconversiontimezonecode,versionnumber,owningbusinessunit
This issue applies to all supported releases.,Operator,87bc45b7-ebb0-ea11-a812-000d3a5465d8,"The two administrative subscriptions that were introduced with version 1804 should not be used. The subscription types are Metering subscription, and Consumption subscription.",kivenkat@microsoft.com,,,Virtual Machines,azs-1046,,active,Common,"If you have resources running on these two subscriptions, recreate them in user subscriptions.",Active,Active,,Administrative subscriptions,,,1910642,9983ac35-72a8-ea11-a812-000d3a579c66
This issue applies to all supported releases.,Operator,9b76b38e-e9b0-ea11-a812-000d3a54663d,"When creating a new virtual machine, you may receive an error such as This subscription is at capacity for Total Regional vCPUs on this location. This subscription is using all 50 Total Regional vCPUs available. . This indicates that the quota for total cores available to you has been reached.",kivenkat@microsoft.com,,,Virtual Machines,azs-1007,,active,Rare,Ask your operator for an add-on plan with additional quota. Editing the current plan&#39;s quota will not work or reflect increased quota.,Active,Active,,Consumed compute quota,,,1893395,9983ac35-72a8-ea11-a812-000d3a579c66
This issue applies to all supported releases.,Operator,9776b38e-e9b0-ea11-a812-000d3a54663d,"When trying to start a stop-deallocated virtual machine,the following error might be displayed: VM diagnostics Storage account &#39;diagnosticstorageaccount&#39; not found. Ensure storage account is not deleted . The error occurs if you attempt to start a VM with boot diagnostics enabled, but the referenced boot diagnostics storage account is deleted.",kivenkat@microsoft.com,,,Virtual Machines,azs-1006,,active,Common,Recreate the storage account with the same name you used previously.,Active,Active,,VM boot diagnostics 2,,,1893394,9983ac35-72a8-ea11-a812-000d3a579c66
This issue applies to all supported releases.,Operator,9676b38e-e9b0-ea11-a812-000d3a54663d,"When creating a new virtual machine (VM), the following error might be displayed: Failed to start virtual machine &#39;vm-name&#39;. Error: Failed to update serial output settings for VM &#39;vm-name&#39; . The error occurs if you enable boot diagnostics on a VM, but delete your boot diagnostics storage account.",kivenkat@microsoft.com,,,Virtual Machines,azs-1005,,active,Common,Recreate the storage account with the same name you used previously.,Active,Active,,VM boot diagnostics 1,,,1893393,9983ac35-72a8-ea11-a812-000d3a579c66
This issue applies to 2002 and later.,Operator,9576b38e-e9b0-ea11-a812-000d3a54663d,"When going through the VM creation experience, you will see the VM size: NV4as_v4. Customers who have the hardware required for the AMD Mi25-based Azure Stack Hub GPU preview are able to have a successful VM deployment. All other customers will have a failed VM deployment with this VM size.",kivenkat@microsoft.com,,,Virtual Machines,azs-1004,,active,NA,By design in preparation for the Azure Stack Hub GPU preview.,Active,Active,,NVv4 VM size on portal,,,1893392,9983ac35-72a8-ea11-a812-000d3a579c66
This issue applies to all releases.,Operator,9476b38e-e9b0-ea11-a812-000d3a54663d,"When viewing details of a VM in the overview blade, the computer name shows as (not available) . This is by design for VMs created from specialized disks/disk snapshots.",kivenkat@microsoft.com,,,Virtual Machines,azs-1003,,active,NA,View the Properties blade under Settings .,Active,Active,,VM overview blade does not show correct computer name,,,1893391,9983ac35-72a8-ea11-a812-000d3a579c66
This issue applies to the 2002 release.,Operator,8376b38e-e9b0-ea11-a812-000d3a54663d,"There is a portal bug that prevents VMSS creation with the Standard_DS2_v2 VM size. Creating one will error out with: &#34;{&#34;code&#34;:&#34;DeploymentFailed&#34;,&#34;message&#34;:&#34;At least one resource deployment operation failed. Please list deployment operations for details. Please see https://aka.ms/arm-debug for usage details.&#34;,&#34;details&#34;:[{&#34;code&#34;:&#34;BadRequest&#34;,&#34;message&#34;:&#34;{\r\n \&#34;error\&#34;: {\r\n \&#34;code\&#34;: \&#34;NetworkProfileValidationError\&#34;,\r\n \&#34;message\&#34;: \&#34;Virtual Machine size Standard_DS2_v2 is not in the allowed list of VM sizes for accelerated networking to be enabled on the VM at index 0 for VM Scale Set /subscriptions/x/resourceGroups/RGVMSS/providers/Microsoft.Compute/virtualMachineScaleSets/vmss. Allowed sizes: .\&#34;\r\n }\r\n}&#34;}]}&#34;",kivenkat@microsoft.com,,,Virtual Machines,azs-1002,,active,Common,Create a VMSS with PowerShell or a resource manager template.,Active,Active,,Cannot create a VMSS with Standard_DS2_v2 VM size on portal,,,1893390,9983ac35-72a8-ea11-a812-000d3a579c66
This issue applies to all supported releases.,Operator,aabc45b7-ebb0-ea11-a812-000d3a5465d8,"When attempting to install the 1907 Azure Stack Hub update, the status for the update might fail and change state to PreparationFailed . This is caused by the update resource provider (URP) being unable to properly transfer the files from the storage container to an internal infrastructure share for processing.",avishwan@microsoft.com,,,Patch and Update,azs-1071,,active,Common,"Starting with version 1901 (1.1901.0.95), you can work around this issue by clicking Update now again (not Resume ). The URP then cleans up the files from the previous attempt, and restarts the download. If the problem persists, we recommend manually uploading the update package by following the Import and install updates section .",Active,Active,,Update fails,,,1893389,9983ac35-72a8-ea11-a812-000d3a579c66
This issue applies to all supported releases.,Operator,a9bc45b7-ebb0-ea11-a812-000d3a5465d8,"When attempting to install the Azure Stack Hub update, the status for the update might fail and change state to PreparationFailed . This is caused by the update resource provider (URP) being unable to properly transfer the files from the storage container to an internal infrastructure share for processing.",avishwan@microsoft.com,,,Patch and Update,azs-1070,,active,Common,"Starting with version 1901 (1.1901.0.95), you can work around this issue by clicking Update now again (not Resume ). The URP then cleans up the files from the previous attempt, and restarts the download. If the problem persists, we recommend manually uploading the update package by following the Install updates section .",Active,Active,,Update fails,,,1893388,9983ac35-72a8-ea11-a812-000d3a579c66
This issue applies to release 2002 release.,Operator,a8bc45b7-ebb0-ea11-a812-000d3a5465d8,"After applying the 2002 update, an alert for an &#34;Invalid Time Source&#34; may incorrectly appear in the Administrator portal. This false-positive alert can be ignored and will be fixed in an upcoming release.",avishwan@microsoft.com,,,Patch and Update,azs-1069,,active,Common,"For other known Azure Stack Hub update issues, please see Troubleshooting Updates in Azure Stack Hub.",Active,Active,,Alert for invalidate time source,,,1893387,9983ac35-72a8-ea11-a812-000d3a579c66
This issue applies to release 2002.,Operator,a7bc45b7-ebb0-ea11-a812-000d3a5465d8,"If the stamp contains App Service resource provider (RP) version 1.7 and older, upon update of the stamp, the blades for App Service do not load.",avishwan@microsoft.com,,,App Services,azs-1068,,active,NA,Update the RP to version 2020 Q2 .,Active,Active,,App Service,,,1893386,9983ac35-72a8-ea11-a812-000d3a579c66
This issue applies to release 2002.,Operator,a6bc45b7-ebb0-ea11-a812-000d3a5465d8,"If the stamp contains SQL resource provider (RP) version 1.1.33.0 or earlier, upon update of the stamp, the blades for SQL/MySQL will not load.",avishwan@microsoft.com,,,SQL and MySQL,azs-1067,,active,NA,Update the RP to version 1.1.47.0,Active,Active,,SQL/MySQL,,,1893385,9983ac35-72a8-ea11-a812-000d3a579c66
This issue applies to the 1908 release.,Operator,a5bc45b7-ebb0-ea11-a812-000d3a5465d8,"When a cable is disconnected from a network adapter, an alert does not show in the administrator portal. This issue is caused because this fault is disabled by default in Windows Server 2019. ",kivenkat@microsoft.com,,,Virtual Machines,azs-1066,,active,Common,NA,Active,Active,,Alert for network interface disconnected,,,1893384,9983ac35-72a8-ea11-a812-000d3a579c66
This issue applies to all supported releases.,Operator,a4bc45b7-ebb0-ea11-a812-000d3a5465d8,"In the user portal, when you try to upload a blob using the OAuth(preview) option, the task fails with an error message.",kivenkat@microsoft.com,,,Virtual Machines,azs-1065,,active,Common,Upload the blob using the SAS option.,Active,Active,,Upload blob,,,1893383,9983ac35-72a8-ea11-a812-000d3a579c66
This issue applies to all supported releases.,Operator,a3bc45b7-ebb0-ea11-a812-000d3a5465d8,"In the administrator portal, the Lock blade for user subscriptions has two buttons labeled subscription . ",kivenkat@microsoft.com,,,Virtual Machines,azs-1064,,active,Common,NA,Active,Active,,Duplicate Subscription button in Lock blade,,,1893382,9983ac35-72a8-ea11-a812-000d3a579c66
This issue applies to all supported releases.,Operator,a2bc45b7-ebb0-ea11-a812-000d3a5465d8,"In the administrator portal, the Properties blade for subscriptions does not load correctly",kivenkat@microsoft.com,,,Virtual Machines,azs-1063,,active,Common,You can view these subscription properties in the Essentials pane of the Subscriptions Overview blade.,Active,Active,,Subscriptions Properties blade,,,1893381,9983ac35-72a8-ea11-a812-000d3a579c66
This issue applies to stamps that are running 1907 or later.,Operator,9fbc45b7-ebb0-ea11-a812-000d3a5465d8,"When accessing the activity log, the portal only shows the first page of entries. Load more results will not load addition entries.",kivenkat@microsoft.com,,,Virtual Machines,azs-1062,,active,NA,Adjust the time range in the filter to review entries that fall after the first page,Active,Active,,Activity log blade,,,1893380,9983ac35-72a8-ea11-a812-000d3a579c66
This issue applies to stamps that are running 1908 or earlier.,Operator,9ebc45b7-ebb0-ea11-a812-000d3a5465d8,"When deploying the SQL resource provider (RP) version 1.1.47.0, the portal shows no assets other than those associated with the SQL RP.",kivenkat@microsoft.com,,,Virtual Machines,azs-1061,,active,NA,"Delete the RP, upgrade the stamp, and re-deploy the SQL RP",Active,Active,,SQL resource provider,,,1893379,9983ac35-72a8-ea11-a812-000d3a579c66
"This issue applies to the Azure Stack Hub 1910 update or later, with SQL resource provider version 1.1.33.0 or earlier installed.",Operator,9cbc45b7-ebb0-ea11-a812-000d3a5465d8,The current version of the SQL resource provider is not compatible with some of the latest portal changes in the 1910 update.,kivenkat@microsoft.com,,,Virtual Machines,azs-1060,,active,Common,"Follow the resource provider update process to apply the SQL resource provider hotfix 1.1.47.0 after Azure Stack Hub is upgraded to the 1910 update ( SQL RP version 1.1.47.0 ). For the MySQL resource provider, it is also recommended that you apply the MySQL resource provider hotfix 1.1.47.0 after Azure Stack Hub is upgraded to 1910 update ( MySQL RP version 1.1.47.0 ).",Active,Active,,Capacity monitoring in SQL resource provider keeps loading,,,1893378,9983ac35-72a8-ea11-a812-000d3a579c66
This issue applies to all supported releases.,Operator,9abc45b7-ebb0-ea11-a812-000d3a5465d8,"In the user portal, when you create a storage account and view its Configuration , you cannot save configuration changes, as it results in an AJAX error. ",kivenkat@microsoft.com,,,Virtual Machines,azs-1059,,active,Common,NA,Active,Active,,Storage account configuration,,,1893377,9983ac35-72a8-ea11-a812-000d3a579c66
This issue applies to all supported releases.,Operator,99bc45b7-ebb0-ea11-a812-000d3a5465d8,"In the user portal, when you navigate to Virtual Machines and try to refresh using the button at the top, the states fail to update accurately.",kivenkat@microsoft.com,,,Virtual Machines,azs-1058,,active,Common,The status is automatically updated every 5 minutes regardless of whether the refresh button has been clicked or not. Wait 5 minutes and check the status.,Active,Active,,Refresh button on virtual machines fails,,,1893375,9983ac35-72a8-ea11-a812-000d3a579c66
This issue applies to all supported releases.,Operator,98bc45b7-ebb0-ea11-a812-000d3a5465d8,"In the user portal, when a user attempts to delete a storage container, the operation fails when the user does not toggle Override Azure Policy and RBAC Role settings .",kivenkat@microsoft.com,,,Virtual Machines,azs-1057,,active,Common,Ensure that the box is checked for Override Azure Policy and RBAC Role settings .,Active,Active,,Delete a storage container,,,1893374,9983ac35-72a8-ea11-a812-000d3a579c66
This issue applies to all supported releases.,Operator,97bc45b7-ebb0-ea11-a812-000d3a5465d8,"In the user portal, when you select a managed disk, with disk type Premium SSD, the drop-down list shows OS Disk . The tooltip next to that option says Certain OS Disk sizes may be available for free with Azure Free Account ; however, this is not valid for Azure Stack Hub. In addition, the list includes Free account eligible which is also not valid for Azure Stack Hub. ",kivenkat@microsoft.com,,,Virtual Machines,azs-1056,,active,Common,NA,Active,Active,,Incorrect tooltip when creating VM,,,1893373,9983ac35-72a8-ea11-a812-000d3a579c66
This issue applies to all supported releases.,Operator,95bc45b7-ebb0-ea11-a812-000d3a5465d8,"In the user portal, when you try to upload a blob in the upload blade, there is an option to select AAD or Key Authentication , however AAD is not supported in Azure Stack Hub. ",kivenkat@microsoft.com,,,Virtual Machines,azs-1055,,active,Common,NA,Active,Active,,Upload blob option unsupported,,,1893372,9983ac35-72a8-ea11-a812-000d3a579c66
This issue applies to all supported releases.,Operator,93bc45b7-ebb0-ea11-a812-000d3a5465d8,"In the user portal, when you try to upload a blob using the OAuth(preview) option, the task fails with an error message.",kivenkat@microsoft.com,,,Virtual Machines,azs-1054,,active,Common,Upload the blob using the SAS option.,Active,Active,,Upload blob with OAuth error,,,1893371,9983ac35-72a8-ea11-a812-000d3a579c66
This issue applies to all supported releases.,Operator,92bc45b7-ebb0-ea11-a812-000d3a5465d8,"In the user portal, the storage account Configuration blade shows an option to change security transfer type . The feature is currently not supported in Azure Stack Hub. ",kivenkat@microsoft.com,,,Virtual Machines,azs-1053,,active,Common,NA,Active,Active,,Storage account settings,,,1893370,9983ac35-72a8-ea11-a812-000d3a579c66
This issue applies to all supported releases.,Operator,8fbc45b7-ebb0-ea11-a812-000d3a5465d8,"In the administrator portal, the Lock blade for user subscriptions has two buttons that say Subscription . ",kivenkat@microsoft.com,,,Virtual Machines,azs-1052,,active,Common,NA,Active,Active,,Duplicate Subscription button in Lock blade,,,1893369,9983ac35-72a8-ea11-a812-000d3a579c66
This issue applies to all supported releases.,Operator,8ebc45b7-ebb0-ea11-a812-000d3a5465d8,"The IAM extension is out of date. The Ibiza portal that shipped with Azure Stack Hub introduces a new behavior that causes the RBAC extension to fail if the user is opening the Access Control (IAM) blade for a subscription that is not selected in the global subscription selector ( Directory + Subscription in the user portal). The blade displays Loading in a loop, and the user cannot add new roles to the subscription. The Add blade also displays Loading in a loop.",kivenkat@microsoft.com,,,Virtual Machines,azs-1051,,active,NA,"Ensure that the subscription is checked in the Directory + Subscription menu. The menu can be accessed from the top of the portal, near the Notifications button, or via the shortcut on the All resources blade that displays Don&#39;t see a subscription? Open Directory + Subscription settings . The subscription must be selected in this menu",Active,Active,,Access Control (IAM),,,1893368,9983ac35-72a8-ea11-a812-000d3a579c66
This issue applies to 1908 and above.,Operator,8dbc45b7-ebb0-ea11-a812-000d3a5465d8,"When a cable is disconnected from a network adapter, an alert does not show in the administrator portal. This issue is caused because this fault is disabled by default in Windows Server 2019. ",kivenkat@microsoft.com,,,Virtual Machines,azs-1050,,active,Common,NA,Active,Active,,Alert for network interface disconnected,,,1893367,9983ac35-72a8-ea11-a812-000d3a579c66
This issue applies to release 2002.,Operator,8cbc45b7-ebb0-ea11-a812-000d3a5465d8,"In the user portal, when creating a Managed Disk snapshot, the Account type box is empty. When you select the Create button with an empty account type, the snapshot creation fails.",kivenkat@microsoft.com,,,Virtual Machines,azs-1049,,active,Common,"Select an account type from the Account type dropdown list, then create the snapshot.",Active,Active,,Create Managed Disk snapshot,,,1893366,9983ac35-72a8-ea11-a812-000d3a579c66
This issue applies to all supported releases.,Operator,8bbc45b7-ebb0-ea11-a812-000d3a5465d8,"In the user portal, the name of storage accounts is shown as Storage account - blob, file, table, queue ; however, file is not supported in Azure Stack Hub. ",kivenkat@microsoft.com,,,Virtual Machines,azs-1048,,active,Common,NA,Active,Active,,Storage account options,,,1893365,9983ac35-72a8-ea11-a812-000d3a579c66
This issue applies to all supported releases.,Operator,8abc45b7-ebb0-ea11-a812-000d3a5465d8,You cannot view permissions to your subscription using the Azure Stack Hub portals.,kivenkat@microsoft.com,,,Virtual Machines,azs-1047,,active,Common,Use PowerShell to verify permissions .,Active,Active,,Subscription permissions,,,1893364,9983ac35-72a8-ea11-a812-000d3a579c66
This issue applies to all supported releases.,Operator,1d0b8111-eab0-ea11-a812-000d3a5465d8,The documentation links in the overview page of Virtual Network gateway link to Azure-specific documentation instead of Azure Stack Hub. Use the following links for the Azure Stack Hub documentation: Gateway SKUs Highly Available Connections Configure BGP on Azure Stack Hub ExpressRoute circuits Specify custom IPsec/IKE policie,sranthar@microsoft.com,,,Network,azs-1045,,active,NA,NA,Active,Active,,Network Connection Type: Documentation,,,1893362,9983ac35-72a8-ea11-a812-000d3a579c66
This issue applies to any 1906 or 1907 environment.,Operator,1b0b8111-eab0-ea11-a812-000d3a5465d8,"In the user portal, the AddConnection blade shows an option to use VNet-to-VNet . This feature is currently not supported in Azure Stack Hub. ",sranthar@microsoft.com,,,Network,azs-1044,,active,Common,NA,Active,Active,,Network Connection Type,,,1893361,9983ac35-72a8-ea11-a812-000d3a579c66
This issue applies to all supported releases.,Operator,190b8111-eab0-ea11-a812-000d3a5465d8,"When disassociating an NSG and a NIC that is not attached to a running VM, the update (PUT) operation for that object fails at the network controller layer. The NSG will be updated at the network resource provider layer, but not on the network controller, so the NSG moves to a failed state.",sranthar@microsoft.com,,,Network,azs-1043,,active,Common,"Attach the NICs associated to the NSG that needs to be removed with running VMs, and disassociate the NSG or remove all the NICs that were associated with the NSG.",Active,Active,,Cannot delete an NSG if NICs not attached to running VM,,,1893360,9983ac35-72a8-ea11-a812-000d3a579c66
This issue applies to all supported releases.,Operator,180b8111-eab0-ea11-a812-000d3a5465d8,"In the user portal, the Connections blade shows a feature called VPN Troubleshooter . This feature is currently not supported in Azure Stack Hub. ",sranthar@microsoft.com,,,Network,azs-1042,,active,Common,NA,Active,Active,,Virtual Network Gateway: VPN troubleshooter,,,1893359,9983ac35-72a8-ea11-a812-000d3a579c66
This issue applies to all supported releases.,Operator,160b8111-eab0-ea11-a812-000d3a5465d8,A new network interface cannot be added to a VM that is in a running state.,sranthar@microsoft.com,,,Network,azs-1041,,active,Common,Stop the virtual machine before adding/removing a network interface.,Active,Active,,Network interface: Primary Network Interface,,,1893358,9983ac35-72a8-ea11-a812-000d3a579c66
This issue applies to all supported releases.,Operator,140b8111-eab0-ea11-a812-000d3a5465d8,A new network interface cannot be added to a VM that is in a running state.,sranthar@microsoft.com,,,Network,azs-1040,,active,Common,Stop the virtual machine before adding/removing a network interface.,Active,Active,,Network interface: Adding/Removing Network Interface,,,1893357,9983ac35-72a8-ea11-a812-000d3a579c66
This issue applies to all supported releases.,Operator,110b8111-eab0-ea11-a812-000d3a5465d8,"When adding Availability Set VMs to the backend pool of a Load Balancer, an error message is being displayed on the portal stating Failed to save load balancer backend pool . This is a cosmetic issue on the portal, the functionality is still in place and VMs are successfully added to the backend pool interally. ",sranthar@microsoft.com,,,Network,azs-1039,,active,Common,NA,Active,Active,,Load Balancer,,,1893356,9983ac35-72a8-ea11-a812-000d3a579c66
This issue applies to all supported releases.,Operator,100b8111-eab0-ea11-a812-000d3a5465d8,The documentation links in the overview page of Virtual Network gateway link to Azure-specific documentation instead of Azure Stack Hub. Use the following links for the Azure Stack Hub documentation: Gateway SKUs Highly Available Connections Configure BGP on Azure Stack Hub ExpressRoute circuits Specify custom IPsec/IKE policie,sranthar@microsoft.com,,,Network,azs-1038,,active,NA,NA,Active,Active,,Virtual Network Gateway: Documentation,,,1893355,9983ac35-72a8-ea11-a812-000d3a579c66
This issue applies to all supported releases.,Operator,0f0b8111-eab0-ea11-a812-000d3a5465d8,"In the user portal, the Connections blade displays a feature called VPN Troubleshooter . This feature is not supported in Azure Stack Hub. ",sranthar@microsoft.com,,,Network,azs-1037,,active,Common,NA,Active,Active,,Virtual Network Gateway: VPN troubleshooter,,,1893351,9983ac35-72a8-ea11-a812-000d3a579c66
This issue applies to all supported releases.,Operator,0e0b8111-eab0-ea11-a812-000d3a5465d8,"In the user portal, while creating, and in the resource menu of Virtual Network Gateway , you will see an option to enable Active-Active configuration. This feature is currently not supported in Azure Stack Hub. ",sranthar@microsoft.com,,,Network,azs-1036,,active,Common,NA,Active,Active,,Virtual Network Gateway: Active-Active,,,1893349,9983ac35-72a8-ea11-a812-000d3a579c66
This issue applies to all supported releases.,Operator,0d0b8111-eab0-ea11-a812-000d3a5465d8,"In the user portal, the Virtual Network Gateway blade shows an option to use Alerts . This feature is currently not supported in Azure Stack Hub. ",sranthar@microsoft.com,,,Network,azs-1035,,active,Common,NA,Active,Active,,Virtual Network Gateway: Alerts,,,1893348,9983ac35-72a8-ea11-a812-000d3a579c66
This issue applies to all supported releases.,Operator,0c0b8111-eab0-ea11-a812-000d3a5465d8,"In the user portal, when you create a route table, Virtual Network gateway appears as one of the next hop type options; however, this is not supported in Azure Stack Hub. ",sranthar@microsoft.com,,,Network,azs-1034,,active,Common,NA,Active,Active,,Virtual Network Gateway: Next Hop Type,,,1893347,9983ac35-72a8-ea11-a812-000d3a579c66
This issue applies to all supported releases.,Operator,0b0b8111-eab0-ea11-a812-000d3a5465d8,"In the user portal, the Virtual Network blade shows an option to use Service Endpoints . This feature is currently not supported in Azure Stack Hub. ",sranthar@microsoft.com,,,Network,azs-1033,,active,Common,NA,Active,Active,,Service endpoints,,,1893346,9983ac35-72a8-ea11-a812-000d3a579c66
This issue applies to all supported releases.,Operator,0a0b8111-eab0-ea11-a812-000d3a5465d8,An explicit DenyAllOutbound rule cannot be created in an NSG as this will prevent all internal communication to infrastructure needed for the VM deployment to complete. ,sranthar@microsoft.com,,,Network,azs-1032,,active,Common,NA,Active,Active,,Network Security Groups,,,1893345,9983ac35-72a8-ea11-a812-000d3a579c66
This issue applies to all supported releases.,Operator,090b8111-eab0-ea11-a812-000d3a5465d8,"When adding availability set VMs to the backend pool of a load balancer, an error message is displayed on the portal stating Failed to save load balancer backend pool . This is a cosmetic issue on the portal; the functionality is still in place and VMs are successfully added to the backend pool internally. ",sranthar@microsoft.com,,,Network,azs-1031,,active,Common,NA,Active,Active,,Load balancer,,,1893344,9983ac35-72a8-ea11-a812-000d3a579c66
This issue applies to all supported releases.,Operator,070b8111-eab0-ea11-a812-000d3a5465d8,The documentation links in the overview page of Virtual Network gateway link to Azure-specific documentation instead of Azure Stack Hub.,sranthar@microsoft.com,,,Network,azs-1030,,active,Common,Use the following links for the Azure Stack Hub documentation: Gateway SKUs Highly Available Connections Configure BGP on Azure Stack Hub ExpressRoute circuits Specify custom IPsec/IKE policies,Active,Active,,Virtual Network Gateway,,,1893343,9983ac35-72a8-ea11-a812-000d3a579c66
This issue applies to all supported releases.,Operator,060b8111-eab0-ea11-a812-000d3a5465d8,The IdleTimeoutInMinutes value for a public IP that is associated to a load balancer cannot be changed. The operation puts the public IP into a failed state.,sranthar@microsoft.com,,,Network,azs-1029,,active,Common,"To bring the public IP back into a successful state, change the IdleTimeoutInMinutes value on the load balancer rule that references the public IP back to the original value (the default value is 4 minutes).",Active,Active,,Public IP,,,1893342,9983ac35-72a8-ea11-a812-000d3a579c66
This issue applies to all supported releases.,Operator,050b8111-eab0-ea11-a812-000d3a5465d8,The primary NIC of a VM cannot be changed. Deleting or detaching the primary NIC results in issues when starting up the VM. ,sranthar@microsoft.com,,,Network,azs-1028,,active,Common,NA,Active,Active,,Network interface: Primary network interface,,,1893341,9983ac35-72a8-ea11-a812-000d3a579c66
This issue applies to all supported releases.,Operator,040b8111-eab0-ea11-a812-000d3a5465d8,A new network interface cannot be added to a VM that is in a running state.,sranthar@microsoft.com,,,Network,azs-1027,,active,Common,Stop the virtual machine before adding or removing a network interface.,Active,Active,,Network interface: Adding/removing network interface,,,1893340,9983ac35-72a8-ea11-a812-000d3a579c66
This issue applies to all supported releases.,Operator,030b8111-eab0-ea11-a812-000d3a5465d8,"When disassociating an NSG and a NIC that is not attached to a running VM, the update (PUT) operation for that object fails at the network controller layer. The NSG will be updated at the network resource provider layer, but not on the network controller, so the NSG moves to a failed state. Remdiation: Attach the NICs associated to the NSG that needs to be removed with running VMs, and disassociate the NSG or remove all the NICs that were associated with the NSG. ",sranthar@microsoft.com,,,Network,azs-1026,,active,Common,NA,Active,Active,,Cannot delete an NSG if NICs not attached to running VM,,,1893339,9983ac35-72a8-ea11-a812-000d3a579c66
This issue applies to all supported releases.,Operator,010b8111-eab0-ea11-a812-000d3a5465d8,"When creating an inbound or an outbound network security rule, the Protocol option shows an ICMP option. This is currently not supported on Azure Stack Hub. This issue is fixed and will not appear in the next Azure Stack Hub release. ",sranthar@microsoft.com,,,Network,azs-1025,,active,Common,NA,Active,Active,,ICMP protocol not supported for NSG rules,,,1893338,9983ac35-72a8-ea11-a812-000d3a579c66
This issue applies to all supported releases.,Operator,000b8111-eab0-ea11-a812-000d3a5465d8,An explicit DenyAllOutbound rule cannot be created in an NSG as this will prevent all internal communication to infrastructure needed for the VM deployment to complete. ,sranthar@microsoft.com,,,Network,azs-1024,,active,Common,NA,Active,Active,,DenyAllOutbound rule cannot be created,,,1893337,9983ac35-72a8-ea11-a812-000d3a579c66
This issue applies to the 1906 and 1907 releases.,Operator,ff0a8111-eab0-ea11-a812-000d3a5465d8,"The virtual machine diagnostic settings blade has a Sink tab, which asks for an Application Insight Account . This is the result of a new blade and is not yet supported in Azure Stack Hub.",kivenkat@microsoft.com,,,Virtual Machines,azs-1023,,active,Common,None.,Active,Active,,Virtual machine diagnostic settings blade,,,1893336,9983ac35-72a8-ea11-a812-000d3a579c66
This issue applies to the 1906 release.,Operator,fd0a8111-eab0-ea11-a812-000d3a5465d8,There is a known issue in 1906 with custom roles and permission allocation for resource creation. You might face issues creating resources even if you have the correct permissions.,kivenkat@microsoft.com,,,Virtual Machines,azs-1022,,active,Common,Please update to build 1907 to mitigate this issue.,Active,Active,,Issues creating resources,,,1893335,9983ac35-72a8-ea11-a812-000d3a579c66
This issue applies to the 1906 and 1907 releases.,Operator,fb0a8111-eab0-ea11-a812-000d3a5465d8,"The virtual machine scale set overview page shows an empty chart. Clicking on the empty chart opens a &#34;rainy cloud&#34; blade. This is the chart for scale set diagnostic information, such as CPU percentage, and is not a feature supported in the current Azure Stack Hub build.",kivenkat@microsoft.com,,,Virtual Machines,azs-1021,,active,Common,None.,Active,Active,,Rainy cloud on scale set diagnostics,,,1893334,9983ac35-72a8-ea11-a812-000d3a579c66
This issue applies to the 1906 and 1907 releases.,Operator,f90a8111-eab0-ea11-a812-000d3a5465d8,"A new reset password blade appears in the scale set UI, but Azure Stack Hub does not support resetting password on a scale set yet.",kivenkat@microsoft.com,,,Virtual Machines,azs-1020,,active,Common,None.,Active,Active,,Virtual machine scale set reset password does not work,,,1893333,9983ac35-72a8-ea11-a812-000d3a579c66
This issue applies to all supported releases.,Operator,f80a8111-eab0-ea11-a812-000d3a5465d8,"The virtual machine diagnostic settings blade has a Sink tab, which asks for an Application Insight Account . This is the result of a new blade and is not yet supported in Azure Stack Hub.",kivenkat@microsoft.com,,,Virtual Machines,azs-1019,,active,Common,None.,Active,Active,,Virtual machine diagnostic settings blade,,,1893332,9983ac35-72a8-ea11-a812-000d3a579c66
This issue applies to all supported releases.,Operator,f70a8111-eab0-ea11-a812-000d3a5465d8,"The virtual machine scale set overview page shows an empty chart. Clicking on the empty chart opens a &#34;rainy cloud&#34; blade. This is the chart for scale set diagnostic information, such as CPU percentage, and is not a feature supported in the current Azure Stack Hub build.",kivenkat@microsoft.com,,,Virtual Machines,azs-1018,,active,Common,None.,Active,Active,,Rainy cloud on scale set diagnostics,,,1893331,9983ac35-72a8-ea11-a812-000d3a579c66
This issue applies to all supported releases.,Operator,f60a8111-eab0-ea11-a812-000d3a5465d8,"A new reset password blade appears in the scale set UI, but Azure Stack Hub does not support resetting password on a scale set yet.",kivenkat@microsoft.com,,,Virtual Machines,azs-1017,,active,Common,None.,Active,Active,,Virtual machine scale set reset password does not work,,,1893330,9983ac35-72a8-ea11-a812-000d3a579c66
This issue applies to all supported releases.,Operator,f50a8111-eab0-ea11-a812-000d3a5465d8,An Ubuntu 18.04 VM created with SSH authorization enabled does not allow you to use the SSH keys to sign in.,kivenkat@microsoft.com,,,Virtual Machines,azs-1016,,active,Common,"Use VM access for the Linux extension to implement SSH keys after provisioning, or use password-based authentication.",Active,Active,,Ubuntu SSH access,,,1893329,9983ac35-72a8-ea11-a812-000d3a579c66
This issue applies to all supported releases.,Operator,f00a8111-eab0-ea11-a812-000d3a5465d8,Creating VMs in an availability set of 3 fault domains and creating a virtual machine scale set instance fails with a FabricVmPlacementErrorUnsupportedFaultDomainSize error during the update process on a 4-node Azure Stack Hub environment.,kivenkat@microsoft.com,,,Virtual Machines,azs-1015,,active,NA,"You can create single VMs in an availability set with 2 fault domains successfully. However, scale set instance creation is still not available during the update process on a 4-node Azure Stack Hub",Active,Active,,Virtual machine scale set: Create failures during patch and update on 4-node Azure Stack Hub environments,,,1893328,9983ac35-72a8-ea11-a812-000d3a579c66
This issue applies to all supported releases.,Operator,ee0a8111-eab0-ea11-a812-000d3a5465d8,"When creating a new Windows virtual machine (VM), the following error may be displayed: Failed to start virtual machine &#39;vm-name&#39;. Error: Failed to update serial output settings for VM &#39;vm-name&#39; . The error occurs if you enable boot diagnostics on a VM, but delete your boot diagnostics storage account.",kivenkat@microsoft.com,,,Virtual Machines,azs-1014,,active,Common,Recreate the storage account with the same name you used previously.,Active,Active,,VM boot diagnostics,,,1893327,9983ac35-72a8-ea11-a812-000d3a579c66
This issue applies to all supported releases.,Operator,ed0a8111-eab0-ea11-a812-000d3a5465d8,Creating VMs in an availability set of 3 fault domains and creating a virtual machine scale set instance fails with a FabricVmPlacementErrorUnsupportedFaultDomainSize error during the update process on a 4-node Azure Stack Hub environment.,kivenkat@microsoft.com,,,Virtual Machines,azs-1013,,active,NA,"You can create single VMs in an availability set with 2 fault domains successfully. However, scale set instance creation is still not available during the update process on a 4-node Azure Stack Hub deployment",Active,Active,,Virtual machine scale set: Create failures during patch and update on 4-node Azure Stack Hub environments,,,1893326,9983ac35-72a8-ea11-a812-000d3a579c66
This issue applies to 1910 and earlier releases.,Operator,ec0a8111-eab0-ea11-a812-000d3a5465d8,Unable to connect to the Privileged Endpoint (ERC VMs) from a computer running a non-English version of Windows.,kivenkat@microsoft.com,,,Virtual Machines,azs-1012,,active,Rare,"This is a known issue that has been fixed in releases later than 1910. As a workaround you can run the New-PSSession and Enter-PSSession PowerShell cmdlets using the en-US culture; for examples, set the culture using this script: https://resources.oreilly.com/examples/9780596528492/blob/master/Use-Culture.ps1.",Active,Active,,Privileged Endpoint,,,1893325,9983ac35-72a8-ea11-a812-000d3a579c66
This issue applies to all supported releases.,Operator,eb0a8111-eab0-ea11-a812-000d3a5465d8,"When creating a new Windows virtual machine (VM), the following error might be displayed: Failed to start virtual machine &#39;vm-name&#39;. Error: Failed to update serial output settings for VM &#39;vm-name&#39; . The error occurs if you enable boot diagnostics on a VM, but delete your boot diagnostics storage account.",kivenkat@microsoft.com,,,Virtual Machines,azs-1011,,active,Common,Recreate the storage account with the same name you used previously.,Active,Active,,VM boot diagnostics,,,1893324,9983ac35-72a8-ea11-a812-000d3a579c66
"This issue applies to new installations of 2002 and later, or any previous release with TLS 1.2 enabled.",Operator,ea0a8111-eab0-ea11-a812-000d3a5465d8,"When configuring the automated backup of SQL VMs with an existing storage account, it fails with the error SQL Server IaaS Agent: The underlying connection was closed: An unexpected error occurred on a send. ",kivenkat@microsoft.com,,,Virtual Machines,azs-1010,,active,Common,NA,Active,Active,,SQL VM: Auto backup cannot be configured with TLS 1.2 enabled,,,1893323,9983ac35-72a8-ea11-a812-000d3a579c66
This issue applies to 2002.,Operator,603348db-e9b0-ea11-a812-000d3a5465d8,"When configuring the automated backup of SQL VMs with a new storage account, it fails with the error Deployment template validation failed. The template parameter for &#39;SqlAutobackupStorageAccountKind&#39; is not found.",kivenkat@microsoft.com,,,Virtual Machines,azs-1009,,active,NA,Apply the latest 2002 hotfix.,Active,Active,,SQL VM: Storage account creating failure when configuring Auto Backup,,,1893322,9983ac35-72a8-ea11-a812-000d3a579c66
This issue applies to all supported releases.,Operator,5c3348db-e9b0-ea11-a812-000d3a5465d8,Creating VMs in an availability set of 3 fault domains and creating a virtual machine scale set instance fails with a FabricVmPlacementErrorUnsupportedFaultDomainSize error during the update process on a 4-node Azure Stack Hub environment.,kivenkat@microsoft.com,,,Virtual Machines,azs-1008,,active,NA,"You can create single VMs in an availability set with 2 fault domains successfully. However, scale set instance creation is still not available during the update process on a 4-node Azure Stack Hub deployment.",Active,Active,,Virtual machine scale set: Create failures during patch and update on 4-node Azure Stack Hub environments,,,1893321,9983ac35-72a8-ea11-a812-000d3a579c66
